{
  "project_info": {
    "project_number": "610182653810",
    "project_id": "demoapplication-b7a82",
    "storage_bucket": "demoapplication-b7a82.appspot.com"
  },
  "client": [
    {
      "client_info": {
        "mobilesdk_app_id": "1:610182653810:android:1c637de441026624099feb",
        "android_client_info": {
          "package_name": "com.example.demoapplication"
        }
      },
      "oauth_client": [
        {
          "client_id": "610182653810-ke5m7gnvau6l71d71odmf9bsbr7dsir9.apps.googleusercontent.com",
          "client_type": 3
        }
      ],
      "api_key": [
        {
          "current_key": "AIzaSyCSBxLeDYXajiaYqv2vnUJsP7HqtlwMUyg"
        }
      ],
      "services": {
        "appinvite_service": {
          "other_platform_oauth_client": [
            {
              "client_id": "610182653810-ke5m7gnvau6l71d71odmf9bsbr7dsir9.apps.googleusercontent.com",
              "client_type": 3
            }
          ]
        }
      }
    }
  ],
  "configuration_version": "1"
}